CREATE DATABASE IF NOT EXISTS backup;

SET FOREIGN_KEY_CHECKS=0;

USE `backup`;

DROP TABLE IF EXISTS `changedata`;

CREATE TABLE `changedata` (
  `id_change` int(12) NOT NULL AUTO_INCREMENT,
  `path` text NOT NULL,
  `status` varchar(2) NOT NULL,
  `new` text NOT NULL COMMENT 'file ที่เพิ่มขึ้น',
  `reduce` text NOT NULL COMMENT 'file ที่หาย',
  `hash_change` text NOT NULL,
  `id_checkdata` int(12) NOT NULL COMMENT 'สำหรับการคัดข้อมูลไปโชว์',
  `date` datetime NOT NULL,
  PRIMARY KEY (`id_change`)
) ENGINE=InnoDB AUTO_INCREMENT=29 DEFAULT CHARSET=utf8;

INSERT INTO `changedata` VALUES("2","","","path:C:xampphtdocsdata/newfile|hash:e2512200b92e22b6c831656d3b5315e9|size:6148|","path:C:xampphtdocsdata/newfile2|hash:e2512200b92e22b6c831656d3b5315e9|size:6148|","path:C:xampphtdocsdata/THSarabun/THSarabunNew Bold.ttf|hash:aaaaaaaaaaaaaaaaaaaaaaa|size:366464|","20","2019-02-23 02:09:32");
INSERT INTO `changedata` VALUES("3","","","path:C:xampphtdocsdata/newfile|hash:e2512200b92e22b6c831656d3b5315e9|size:6148|","path:C:xampphtdocsdata/newfile2|hash:e2512200b92e22b6c831656d3b5315e9|size:6148|","path:C:xampphtdocsdata/THSarabun/THSarabunNew Bold.ttf|hash:aaaaaaaaaaaaaaaaaaaaaaa|size:366464|","20","2019-02-23 11:24:42");
INSERT INTO `changedata` VALUES("4","","","path:C:xampphtdocsdata/THSarabun/.DS_Store|hash:e2512200b92e22b6c831656d3b5315e9|size:6148|path:C:xampphtdocsdata/THSarabun/THSarabunNew Bold.ttf|hash:bdd8eb542ab9aa84e5809edb230f07cc|size:366464|path:C:xampphtdocsdata/THSarabun/THSarabunNew BoldItalic.ttf|hash:0b381613886ea1af245b0a8120019ecb|size:118364|path:C:xampphtdocsdata/THSarabun/THSarabunNew Italic.ttf|hash:05a052030bb61432929f643579b82ce1|size:116800|path:C:xampphtdocsdata/THSarabunNew/.DS_Store|hash:e2512200b92e22b6c831656d3b5315e9|size:6148|path:C:xampphtdocsdata/THSarabunNew/THSarabunNew Bold.ttf|hash:bdd8eb542ab9aa84e5809edb230f07cc|size:366464|path:C:xampphtdocsdata/THSarabunNew/THSarabunNew BoldItalic.ttf|hash:0b381613886ea1af245b0a8120019ecb|size:118364|path:C:xampphtdocsdata/THSarabunNew/THSarabunNew Italic.ttf|hash:05a052030bb61432929f643579b82ce1|size:116800|","path:C:/xampp/htdocs/data/backup/DB_backupbackup-02222019_174808.sql|hash:fac5bf8b96d46b0cdc63842361b60ca5|size:15346|","","20","2019-02-23 12:21:30");
INSERT INTO `changedata` VALUES("5","","","","","","20","2019-02-23 12:22:15");
INSERT INTO `changedata` VALUES("6","","","path:C:/xampp/htdocs/data/backup/DB_backupbackup-02222019_174808.sql|hash:fac5bf8b96d46b0cdc63842361b60ca5|size:15346|","path:C:/xampp/htdocs/backup/backup (1).sql|hash:949300233ea9609acba1c9bd78cf798f|size:29501|path:C:/xampp/htdocs/backup/backup (3).sql|hash:d1b03768c7999308312481b562862088|size:17980|path:C:/xampp/htdocs/backup/config/connectDB.php|hash:5e8aa2da0e1e3f0f8c3175378b859bd6|size:3066|path:C:/xampp/htdocs/backup/config/ftp.php|hash:ba5de461cf10540f56d86c40c2896d43|size:587|path:C:/xampp/htdocs/backup/config/mannual.txt|hash:332d03979db733104952bb58e812d8c4|size:54|path:C:/xampp/htdocs/backup/core/backup/backup.js|hash:d41d8cd98f00b204e9800998ecf8427e|size:0|path:C:/xampp/htdocs/backup/core/backup/index.php|hash:70f3ea78922dee154d6fc0be61da210f|size:3398|path:C:/xampp/htdocs/backup/core/checkData/index.php|hash:ac36afc035baf24fe871078616eba6e2|size:2232|path:C:/xampp/htdocs/backup/core/recovery/index.php|hash:51739ec62a0bcc7259c67309d2e27ccd|size:3405|path:C:/xampp/htdocs/backup/core/report/index.php|hash:ba71ed527a38173c1717da80ef1f83c0|size:1093|path:C:/xampp/htdocs/backup/core/report/report_backup.php|hash:100c3ac12e3c2cca34c8fdf8e437cb6f|size:2463|path:C:/xampp/htdocs/backup/core/report/report_fileserver.php|hash:0fd657ac65ae2041cca01de913ed84dc|size:4599|path:C:/xampp/htdocs/backup/core/report/report_recovery.php|hash:b3dda2494505a4deabca2d0c5ed9f0e1|size:1980|path:C:/xampp/htdocs/backup/core/report/repost.js|hash:638ba41d6f0c035cbf817c30a867f140|size:349|path:C:/xampp/htdocs/backup/images/.DS_Store|hash:10fda1d740de905d516af56c371a9d12|size:6148|path:C:/xampp/htdocs/backup/images/shards-dashboards-logo.png|hash:2db96f9b76abd85a149ee432f59986c8|size:954|","","20","2019-02-23 12:22:39");
INSERT INTO `changedata` VALUES("11","C:/xampp/htdocs/data","C","path:C:/xampp/htdocs/backup/backup (1).sql|hash:949300233ea9609acba1c9bd78cf798f|size:29501|path:C:/xampp/htdocs/backup/backup (3).sql|hash:d1b03768c7999308312481b562862088|size:17980|path:C:/xampp/htdocs/backup/config/connectDB.php|hash:5e8aa2da0e1e3f0f8c3175378b859bd6|size:3066|path:C:/xampp/htdocs/backup/config/ftp.php|hash:ba5de461cf10540f56d86c40c2896d43|size:587|path:C:/xampp/htdocs/backup/config/mannual.txt|hash:332d03979db733104952bb58e812d8c4|size:54|path:C:/xampp/htdocs/backup/core/backup/backup.js|hash:d41d8cd98f00b204e9800998ecf8427e|size:0|path:C:/xampp/htdocs/backup/core/backup/index.php|hash:70f3ea78922dee154d6fc0be61da210f|size:3398|path:C:/xampp/htdocs/backup/core/checkData/index.php|hash:ac36afc035baf24fe871078616eba6e2|size:2232|path:C:/xampp/htdocs/backup/core/recovery/index.php|hash:51739ec62a0bcc7259c67309d2e27ccd|size:3405|path:C:/xampp/htdocs/backup/core/report/index.php|hash:ba71ed527a38173c1717da80ef1f83c0|size:1093|path:C:/xampp/htdocs/backup/core/report/report_backup.php|hash:100c3ac12e3c2cca34c8fdf8e437cb6f|size:2463|path:C:/xampp/htdocs/backup/core/report/report_fileserver.php|hash:0fd657ac65ae2041cca01de913ed84dc|size:4599|path:C:/xampp/htdocs/backup/core/report/report_recovery.php|hash:b3dda2494505a4deabca2d0c5ed9f0e1|size:1980|path:C:/xampp/htdocs/backup/core/report/repost.js|hash:638ba41d6f0c035cbf817c30a867f140|size:349|path:C:/xampp/htdocs/backup/images/.DS_Store|hash:10fda1d740de905d516af56c371a9d12|size:6148|path:C:/xampp/htdocs/backup/images/shards-dashboards-logo.png|hash:2db96f9b76abd85a149ee432f59986c8|size:954|","path:C:/xampp/htdocs/data/THSarabun/.DS_Store|hash:e2512200b92e22b6c831656d3b5315e9|size:6148|path:C:/xampp/htdocs/data/THSarabun/THSarabunNew Bold.ttf|hash:bdd8eb542ab9aa84e5809edb230f07cc|size:366464|path:C:/xampp/htdocs/data/THSarabun/THSarabunNew BoldItalic.ttf|hash:0b381613886ea1af245b0a8120019ecb|size:118364|path:C:/xampp/htdocs/data/THSarabun/THSarabunNew Italic.ttf|hash:05a052030bb61432929f643579b82ce1|size:116800|path:C:/xampp/htdocs/data/THSarabunNew/.DS_Store|hash:e2512200b92e22b6c831656d3b5315e9|size:6148|path:C:/xampp/htdocs/data/THSarabunNew/THSarabunNew Bold.ttf|hash:bdd8eb542ab9aa84e5809edb230f07cc|size:366464|path:C:/xampp/htdocs/data/THSarabunNew/THSarabunNew BoldItalic.ttf|hash:0b381613886ea1af245b0a8120019ecb|size:118364|path:C:/xampp/htdocs/data/THSarabunNew/THSarabunNew Italic.ttf|hash:05a052030bb61432929f643579b82ce1|size:116800|","","20","2019-02-24 01:42:05");
INSERT INTO `changedata` VALUES("13","C:/xampp/htdocs/data","C","path:C:/xampp/htdocs/data/THSarabun/.DS_Store|hash:e2512200b92e22b6c831656d3b5315e9|size:6148|path:C:/xampp/htdocs/data/THSarabun/THSarabunNew Bold.ttf|hash:bdd8eb542ab9aa84e5809edb230f07cc|size:366464|path:C:/xampp/htdocs/data/THSarabun/THSarabunNew BoldItalic.ttf|hash:0b381613886ea1af245b0a8120019ecb|size:118364|path:C:/xampp/htdocs/data/THSarabun/THSarabunNew Italic.ttf|hash:05a052030bb61432929f643579b82ce1|size:116800|path:C:/xampp/htdocs/data/THSarabunNew/.DS_Store|hash:e2512200b92e22b6c831656d3b5315e9|size:6148|path:C:/xampp/htdocs/data/THSarabunNew/THSarabunNew Bold.ttf|hash:bdd8eb542ab9aa84e5809edb230f07cc|size:366464|path:C:/xampp/htdocs/data/THSarabunNew/THSarabunNew BoldItalic.ttf|hash:0b381613886ea1af245b0a8120019ecb|size:118364|path:C:/xampp/htdocs/data/THSarabunNew/THSarabunNew Italic.ttf|hash:05a052030bb61432929f643579b82ce1|size:116800|","path:C:/xampp/htdocs/backup/backup (1).sql|hash:949300233ea9609acba1c9bd78cf798f|size:29501|path:C:/xampp/htdocs/backup/backup (3).sql|hash:d1b03768c7999308312481b562862088|size:17980|path:C:/xampp/htdocs/backup/config/connectDB.php|hash:5e8aa2da0e1e3f0f8c3175378b859bd6|size:3066|path:C:/xampp/htdocs/backup/config/ftp.php|hash:ba5de461cf10540f56d86c40c2896d43|size:587|path:C:/xampp/htdocs/backup/config/mannual.txt|hash:332d03979db733104952bb58e812d8c4|size:54|path:C:/xampp/htdocs/backup/core/backup/backup.js|hash:d41d8cd98f00b204e9800998ecf8427e|size:0|path:C:/xampp/htdocs/backup/core/backup/index.php|hash:70f3ea78922dee154d6fc0be61da210f|size:3398|path:C:/xampp/htdocs/backup/core/checkData/index.php|hash:ac36afc035baf24fe871078616eba6e2|size:2232|path:C:/xampp/htdocs/backup/core/recovery/index.php|hash:51739ec62a0bcc7259c67309d2e27ccd|size:3405|path:C:/xampp/htdocs/backup/core/report/index.php|hash:ba71ed527a38173c1717da80ef1f83c0|size:1093|path:C:/xampp/htdocs/backup/core/report/report_backup.php|hash:100c3ac12e3c2cca34c8fdf8e437cb6f|size:2463|path:C:/xampp/htdocs/backup/core/report/report_fileserver.php|hash:0fd657ac65ae2041cca01de913ed84dc|size:4599|path:C:/xampp/htdocs/backup/core/report/report_recovery.php|hash:b3dda2494505a4deabca2d0c5ed9f0e1|size:1980|path:C:/xampp/htdocs/backup/core/report/repost.js|hash:638ba41d6f0c035cbf817c30a867f140|size:349|path:C:/xampp/htdocs/backup/images/.DS_Store|hash:10fda1d740de905d516af56c371a9d12|size:6148|path:C:/xampp/htdocs/backup/images/shards-dashboards-logo.png|hash:2db96f9b76abd85a149ee432f59986c8|size:954|","","20","2019-02-24 01:43:20");
INSERT INTO `changedata` VALUES("17","","","","","","62","2019-02-24 01:49:43");
INSERT INTO `changedata` VALUES("18","C:/xampp/htdocs/data","C","","","","74","2019-02-24 09:46:22");
INSERT INTO `changedata` VALUES("19","C:/xampp/htdocs/sql","C","","path:C:/xampp/htdocs/sql/backup (3).sql|hash:d1b03768c7999308312481b562862088|size:17980|path:C:/xampp/htdocs/sql/backup (4).sql|hash:cf9e0afd51a9d00dd75c6f9494ed349f|size:18848|path:C:/xampp/htdocs/sql/backup 1.sql|hash:65d73657d33de08b2b041e992809d54e|size:30006|path:C:/xampp/htdocs/sql/backup 2.sql|hash:7fe178c9aa6ae238723e488668b0be10|size:16372|","","79","2019-02-24 15:33:20");
INSERT INTO `changedata` VALUES("20","C:/xampp/htdocs/data","C","","path:C:/xampp/htdocs/data/backup/DB_backupbackup-02242019_092116.sql|hash:60ee28377150057bcd451ebbdb09c328|size:56751|path:C:/xampp/htdocs/data/sql/backup (3).sql|hash:d1b03768c7999308312481b562862088|size:17980|path:C:/xampp/htdocs/data/sql/backup (4).sql|hash:cf9e0afd51a9d00dd75c6f9494ed349f|size:18848|path:C:/xampp/htdocs/data/sql/backup 1.sql|hash:65d73657d33de08b2b041e992809d54e|size:30006|path:C:/xampp/htdocs/data/sql/backup 2.sql|hash:7fe178c9aa6ae238723e488668b0be10|size:16372|","","80","2019-02-25 00:08:32");
INSERT INTO `changedata` VALUES("21","C:/xampp/htdocs/sql","C","","","","84","2019-02-25 00:23:57");
INSERT INTO `changedata` VALUES("22","C:/xampp/htdocs/sql","B","","","","86","2019-02-25 00:31:41");
INSERT INTO `changedata` VALUES("23","C:/xampp/htdocs/sql","R","","path:C:/xampp/htdocs/sql/backup (3).sql|hash:d1b03768c7999308312481b562862088|size:17980|path:C:/xampp/htdocs/sql/backup (4).sql|hash:cf9e0afd51a9d00dd75c6f9494ed349f|size:18848|path:C:/xampp/htdocs/sql/backup 1.sql|hash:65d73657d33de08b2b041e992809d54e|size:30006|path:C:/xampp/htdocs/sql/backup 2.sql|hash:7fe178c9aa6ae238723e488668b0be10|size:16372|","","87","2019-02-25 00:32:10");
INSERT INTO `changedata` VALUES("24","C:/xampp/htdocs/sql","C","","","","88","2019-02-25 00:37:53");
INSERT INTO `changedata` VALUES("25","C:/xampp/htdocs/sql","B","","","","89","2019-02-25 00:38:46");
INSERT INTO `changedata` VALUES("26","C:/xampp/htdocs/data/sql","B","","","","90","2019-02-25 00:39:59");
INSERT INTO `changedata` VALUES("27","C:/xampp/htdocs/sql","B","","","","91","2019-02-25 00:41:10");
INSERT INTO `changedata` VALUES("28","C:/xampp/htdocs/sql","B","","","","92","2019-02-25 00:43:24");



DROP TABLE IF EXISTS `checkdata`;

CREATE TABLE `checkdata` (
  `id` int(11) NOT NULL AUTO_INCREMENT,
  `value` text NOT NULL,
  `directory` text NOT NULL COMMENT 'nul directory',
  `datetime` datetime NOT NULL COMMENT 'วันเวลาในการบันทึกข้อมูล',
  `status` varchar(3) NOT NULL,
  PRIMARY KEY (`id`)
) ENGINE=InnoDB AUTO_INCREMENT=93 DEFAULT CHARSET=utf8;

INSERT INTO `checkdata` VALUES("3","{path:/manage/cmd_check_hash.php|hash:388d51f1448a0cbcb1f2914e2b3ba752|size:247}{path:/manage/config/ftp.php|hash:c26f6b57174f6d13c134693cd954ac76|size:207}{path:/manage/config/ReadFile.php|hash:922a3f484f05f7a41166f38fff381101|size:1425}{path:/manage/funccheck.php|hash:508444b1d0e3a579d6d6e3e6a2931c8b|size:559}{path:/manage/linealert.php|hash:37bf7d87cf44b0f2935ea2a3d31605b9|size:1609}{path:/manage/read_write_file.php/create_file_hash/backup.php|hash:14d59a7759c7c422b28b492de33ea071|size:150}{path:/manage/read_write_file.php/create_file_hash/check.php|hash:3dbe2da840d1bfa0f22898ab360327e6|size:150}{path:/manage/read_write_file.php/create_file_hash/main.php|hash:dcbef8b1b7d44d759e5e111f62debed1|size:1120}{path:/manage/read_write_file.php/ftp/ftp_adduser.php|hash:6cb578820b44c57d1858dba4825c935a|size:4190}{path:/manage/referent.txt|hash:9bfa82ce86350855385b17d414827ae2|size:348}{path:/manage/unzip.php|hash:506d2e9b458f35cfb92a989865f465b5|size:4416}","","2019-01-05 23:06:54","C");
INSERT INTO `checkdata` VALUES("4","{path:/manage/cmd_check_hash.php|hash:388d51f1448a0cbcb1f2914e2b3ba752|size:247}{path:/manage/config/ftp.php|hash:c26f6b57174f6d13c134693cd954ac76|size:207}{path:/manage/config/ReadFile.php|hash:922a3f484f05f7a41166f38fff381101|size:1425}{path:/manage/funccheck.php|hash:508444b1d0e3a579d6d6e3e6a2931c8b|size:559}{path:/manage/linealert.php|hash:37bf7d87cf44b0f2935ea2a3d31605b9|size:1609}{path:/manage/read_write_file.php/create_file_hash/backup.php|hash:14d59a7759c7c422b28b492de33ea071|size:150}{path:/manage/read_write_file.php/create_file_hash/check.php|hash:3dbe2da840d1bfa0f22898ab360327e6|size:150}{path:/manage/read_write_file.php/create_file_hash/main.php|hash:dcbef8b1b7d44d759e5e111f62debed1|size:1120}{path:/manage/read_write_file.php/ftp/ftp_adduser.php|hash:6cb578820b44c57d1858dba4825c935a|size:4190}{path:/manage/referent.txt|hash:9bfa82ce86350855385b17d414827ae2|size:348}{path:/manage/unzip.php|hash:506d2e9b458f35cfb92a989865f465b5|size:4416}","","2019-01-06 13:38:49","C");
INSERT INTO `checkdata` VALUES("5","{path:/manage/cmd_check_hash.php|hash:388d51f1448a0cbcb1f2914e2b3ba752|size:247}{path:/manage/config/ftp.php|hash:c26f6b57174f6d13c134693cd954ac76|size:207}{path:/manage/config/ReadFile.php|hash:922a3f484f05f7a41166f38fff381101|size:1425}{path:/manage/funccheck.php|hash:508444b1d0e3a579d6d6e3e6a2931c8b|size:559}{path:/manage/linealert.php|hash:37bf7d87cf44b0f2935ea2a3d31605b9|size:1609}{path:/manage/read_write_file.php/create_file_hash/backup.php|hash:14d59a7759c7c422b28b492de33ea071|size:150}{path:/manage/read_write_file.php/create_file_hash/check.php|hash:3dbe2da840d1bfa0f22898ab360327e6|size:150}{path:/manage/read_write_file.php/create_file_hash/main.php|hash:dcbef8b1b7d44d759e5e111f62debed1|size:1120}{path:/manage/read_write_file.php/ftp/ftp_adduser.php|hash:6cb578820b44c57d1858dba4825c935a|size:4190}{path:/manage/referent.txt|hash:9bfa82ce86350855385b17d414827ae2|size:348}{path:/manage/unzip.php|hash:506d2e9b458f35cfb92a989865f465b5|size:4416}","","2019-01-06 17:17:30","C");
INSERT INTO `checkdata` VALUES("30","{path:C:/xampp/htdocs/data/data/THSarabunNew/.DS_Store|hash:e2512200b92e22b6c831656d3b5315e9|size:6148}{path:C:/xampp/htdocs/data/data/THSarabunNew/._.DS_Store|hash:241ea797774c86197000ffd2fe2ed491|size:4096}{path:C:/xampp/htdocs/data/data/THSarabunNew/th2/THSarabunNew Bold.ttf|hash:bdd8eb542ab9aa84e5809edb230f07cc|size:366464}{path:C:/xampp/htdocs/data/data/THSarabunNew/th2/THSarabunNew BoldItalic.ttf|hash:0b381613886ea1af245b0a8120019ecb|size:118364}{path:C:/xampp/htdocs/data/data/THSarabunNew/th2/THSarabunNew Italic.ttf|hash:05a052030bb61432929f643579b82ce1|size:116800}{path:C:/xampp/htdocs/data/data/THSarabunNew/th2/THSarabunNew.ttf|hash:45905ce12b4739c794a5ebdaee506202|size:479628}{path:C:/xampp/htdocs/data/data/THSarabunNew/THSarabunNew Bold.ttf|hash:bdd8eb542ab9aa84e5809edb230f07cc|size:366464}{path:C:/xampp/htdocs/data/data/THSarabunNew/THSarabunNew BoldItalic.ttf|hash:0b381613886ea1af245b0a8120019ecb|size:118364}{path:C:/xampp/htdocs/data/data/THSarabunNew/THSarabunNew Italic.ttf|hash:05a052030bb61432929f643579b82ce1|size:116800}{path:C:/xampp/htdocs/data/data/THSarabunNew/THSarabunNew.ttf|hash:45905ce12b4739c794a5ebdaee506202|size:479628}{path:C:/xampp/htdocs/data/THSarabunNew/.DS_Store|hash:e2512200b92e22b6c831656d3b5315e9|size:6148}{path:C:/xampp/htdocs/data/THSarabunNew/THSarabunNew Bold.ttf|hash:bdd8eb542ab9aa84e5809edb230f07cc|size:366464}{path:C:/xampp/htdocs/data/THSarabunNew/THSarabunNew BoldItalic.ttf|hash:0b381613886ea1af245b0a8120019ecb|size:118364}{path:C:/xampp/htdocs/data/THSarabunNew/THSarabunNew Italic.ttf|hash:05a052030bb61432929f643579b82ce1|size:116800}","","2019-01-27 23:16:25","B");
INSERT INTO `checkdata` VALUES("31","{path:C:/xampp/htdocs/data/THSarabun/.DS_Store|hash:e2512200b92e22b6c831656d3b5315e9|size:6148}{path:C:/xampp/htdocs/data/THSarabun/THSarabunNew Bold.ttf|hash:bdd8eb542ab9aa84e5809edb230f07cc|size:366464}{path:C:/xampp/htdocs/data/THSarabun/THSarabunNew BoldItalic.ttf|hash:0b381613886ea1af245b0a8120019ecb|size:118364}{path:C:/xampp/htdocs/data/THSarabun/THSarabunNew Italic.ttf|hash:05a052030bb61432929f643579b82ce1|size:116800}{path:C:/xampp/htdocs/data/THSarabunNew/.DS_Store|hash:e2512200b92e22b6c831656d3b5315e9|size:6148}{path:C:/xampp/htdocs/data/THSarabunNew/THSarabunNew Bold.ttf|hash:bdd8eb542ab9aa84e5809edb230f07cc|size:366464}{path:C:/xampp/htdocs/data/THSarabunNew/THSarabunNew BoldItalic.ttf|hash:0b381613886ea1af245b0a8120019ecb|size:118364}{path:C:/xampp/htdocs/data/THSarabunNew/THSarabunNew Italic.ttf|hash:05a052030bb61432929f643579b82ce1|size:116800}","","2019-01-27 23:45:50","B");
INSERT INTO `checkdata` VALUES("40","{path:C:xampphtdocsdata/THSarabun/.DS_Store|hash:e2512200b92e22b6c831656d3b5315e9|size:6148}{path:C:xampphtdocsdata/THSarabun/THSarabunNew Bold.ttf|hash:bdd8eb5b9aa84e5809edb230f07cc|size:366464}{path:C:xampphtdocsdata/newfile|hash:e2512200b92e22b6c831656d3b5315e9|size:6148}"," C:xampphtdocsdata ","2019-01-30 20:23:40","R");
INSERT INTO `checkdata` VALUES("41","{path:C:/xampp/htdocs/data/THSarabun/.DS_Store|hash:e2512200b92e22b6c831656d3b5315e9|size:6148}{path:C:/xampp/htdocs/data/THSarabun/THSarabunNew Bold.ttf|hash:bdd8eb542ab9aa84e5809edb230f07cc|size:366464}{path:C:/xampp/htdocs/data/THSarabun/THSarabunNew BoldItalic.ttf|hash:0b381613886ea1af245b0a8120019ecb|size:118364}{path:C:/xampp/htdocs/data/THSarabun/THSarabunNew Italic.ttf|hash:05a052030bb61432929f643579b82ce1|size:116800}{path:C:/xampp/htdocs/data/THSarabunNew/.DS_Store|hash:e2512200b92e22b6c831656d3b5315e9|size:6148}{path:C:/xampp/htdocs/data/THSarabunNew/THSarabunNew Bold.ttf|hash:bdd8eb542ab9aa84e5809edb230f07cc|size:366464}{path:C:/xampp/htdocs/data/THSarabunNew/THSarabunNew BoldItalic.ttf|hash:0b381613886ea1af245b0a8120019ecb|size:118364}{path:C:/xampp/htdocs/data/THSarabunNew/THSarabunNew Italic.ttf|hash:05a052030bb61432929f643579b82ce1|size:116800}"," C:/xampp/htdocs/data ","2019-01-30 23:38:14","B");
INSERT INTO `checkdata` VALUES("42","{path:C:/xampp/htdocs/data/THSarabun/.DS_Store|hash:e2512200b92e22b6c831656d3b5315e9|size:6148}{path:C:/xampp/htdocs/data/THSarabun/THSarabunNew Bold.ttf|hash:bdd8eb542ab9aa84e5809edb230f07cc|size:366464}{path:C:/xampp/htdocs/data/THSarabun/THSarabunNew BoldItalic.ttf|hash:0b381613886ea1af245b0a8120019ecb|size:118364}{path:C:/xampp/htdocs/data/THSarabun/THSarabunNew Italic.ttf|hash:05a052030bb61432929f643579b82ce1|size:116800}{path:C:/xampp/htdocs/data/THSarabunNew/.DS_Store|hash:e2512200b92e22b6c831656d3b5315e9|size:6148}{path:C:/xampp/htdocs/data/THSarabunNew/THSarabunNew Bold.ttf|hash:bdd8eb542ab9aa84e5809edb230f07cc|size:366464}{path:C:/xampp/htdocs/data/THSarabunNew/THSarabunNew BoldItalic.ttf|hash:0b381613886ea1af245b0a8120019ecb|size:118364}{path:C:/xampp/htdocs/data/THSarabunNew/THSarabunNew Italic.ttf|hash:05a052030bb61432929f643579b82ce1|size:116800}"," C:/xampp/htdocs/data ","2019-01-30 23:40:04","B");
INSERT INTO `checkdata` VALUES("43","{path:C:/xampp/htdocs/data/THSarabun/.DS_Store|hash:e2512200b92e22b6c831656d3b5315e9|size:6148}{path:C:/xampp/htdocs/data/THSarabun/THSarabunNew Bold.ttf|hash:bdd8eb542ab9aa84e5809edb230f07cc|size:366464}{path:C:/xampp/htdocs/data/THSarabun/THSarabunNew BoldItalic.ttf|hash:0b381613886ea1af245b0a8120019ecb|size:118364}{path:C:/xampp/htdocs/data/THSarabun/THSarabunNew Italic.ttf|hash:05a052030bb61432929f643579b82ce1|size:116800}{path:C:/xampp/htdocs/data/THSarabunNew/.DS_Store|hash:e2512200b92e22b6c831656d3b5315e9|size:6148}{path:C:/xampp/htdocs/data/THSarabunNew/THSarabunNew Bold.ttf|hash:bdd8eb542ab9aa84e5809edb230f07cc|size:366464}{path:C:/xampp/htdocs/data/THSarabunNew/THSarabunNew BoldItalic.ttf|hash:0b381613886ea1af245b0a8120019ecb|size:118364}{path:C:/xampp/htdocs/data/THSarabunNew/THSarabunNew Italic.ttf|hash:05a052030bb61432929f643579b82ce1|size:116800}"," C:/xampp/htdocs/data ","2019-01-30 23:40:55","B");
INSERT INTO `checkdata` VALUES("44","{path:C:/xampp/htdocs/data/THSarabun/.DS_Store|hash:e2512200b92e22b6c831656d3b5315e9|size:6148}{path:C:/xampp/htdocs/data/THSarabun/THSarabunNew Bold.ttf|hash:bdd8eb542ab9aa84e5809edb230f07cc|size:366464}{path:C:/xampp/htdocs/data/THSarabun/THSarabunNew BoldItalic.ttf|hash:0b381613886ea1af245b0a8120019ecb|size:118364}{path:C:/xampp/htdocs/data/THSarabun/THSarabunNew Italic.ttf|hash:05a052030bb61432929f643579b82ce1|size:116800}{path:C:/xampp/htdocs/data/THSarabunNew/.DS_Store|hash:e2512200b92e22b6c831656d3b5315e9|size:6148}{path:C:/xampp/htdocs/data/THSarabunNew/THSarabunNew Bold.ttf|hash:bdd8eb542ab9aa84e5809edb230f07cc|size:366464}{path:C:/xampp/htdocs/data/THSarabunNew/THSarabunNew BoldItalic.ttf|hash:0b381613886ea1af245b0a8120019ecb|size:118364}{path:C:/xampp/htdocs/data/THSarabunNew/THSarabunNew Italic.ttf|hash:05a052030bb61432929f643579b82ce1|size:116800}"," C:/xampp/htdocs/data ","2019-01-30 23:41:13","B");
INSERT INTO `checkdata` VALUES("45","{path:C:/xampp/htdocs/data/THSarabun/.DS_Store|hash:e2512200b92e22b6c831656d3b5315e9|size:6148}{path:C:/xampp/htdocs/data/THSarabun/THSarabunNew Bold.ttf|hash:bdd8eb542ab9aa84e5809edb230f07cc|size:366464}{path:C:/xampp/htdocs/data/THSarabun/THSarabunNew BoldItalic.ttf|hash:0b381613886ea1af245b0a8120019ecb|size:118364}{path:C:/xampp/htdocs/data/THSarabun/THSarabunNew Italic.ttf|hash:05a052030bb61432929f643579b82ce1|size:116800}{path:C:/xampp/htdocs/data/THSarabunNew/.DS_Store|hash:e2512200b92e22b6c831656d3b5315e9|size:6148}{path:C:/xampp/htdocs/data/THSarabunNew/THSarabunNew Bold.ttf|hash:bdd8eb542ab9aa84e5809edb230f07cc|size:366464}{path:C:/xampp/htdocs/data/THSarabunNew/THSarabunNew BoldItalic.ttf|hash:0b381613886ea1af245b0a8120019ecb|size:118364}{path:C:/xampp/htdocs/data/THSarabunNew/THSarabunNew Italic.ttf|hash:05a052030bb61432929f643579b82ce1|size:116800}"," C:/xampp/htdocs/data ","2019-01-31 00:01:52","B");
INSERT INTO `checkdata` VALUES("46","{path:C:xampphtdocsdata/THSarabun/.DS_Store|hash:e2512200b92e22b6c831656d3b5315e9|size:6148}{path:C:xampphtdocsdata/THSarabun/THSarabunNew Bold.ttf|hash:bdd8eb542ab9aa84e5809edb230f07cc|size:366464}{path:C:xampphtdocsdata/THSarabun/THSarabunNew BoldItalic.ttf|hash:0b381613886ea1af245b0a8120019ecb|size:118364}{path:C:xampphtdocsdata/THSarabun/THSarabunNew Italic.ttf|hash:05a052030bb61432929f643579b82ce1|size:116800}{path:C:xampphtdocsdata/THSarabunNew/.DS_Store|hash:e2512200b92e22b6c831656d3b5315e9|size:6148}{path:C:xampphtdocsdata/THSarabunNew/THSarabunNew Bold.ttf|hash:bdd8eb542ab9aa84e5809edb230f07cc|size:366464}{path:C:xampphtdocsdata/THSarabunNew/THSarabunNew BoldItalic.ttf|hash:0b381613886ea1af245b0a8120019ecb|size:118364}{path:C:xampphtdocsdata/THSarabunNew/THSarabunNew Italic.ttf|hash:05a052030bb61432929f643579b82ce1|size:116800}"," C:xampphtdocsdata ","2019-01-31 23:22:03","C");
INSERT INTO `checkdata` VALUES("47","{path:C:xampphtdocsdata/THSarabun/.DS_Store|hash:e2512200b92e22b6c831656d3b5315e9|size:6148}{path:C:xampphtdocsdata/THSarabun/THSarabunNew Bold.ttf|hash:aaaaaaaaaaaaaaaaaaaaaaa|size:366464}{path:C:xampphtdocsdata/newfile2|hash:e2512200b92e22b6c831656d3b5315e9|size:6148}"," C:xampphtdocsdata ","2019-01-31 23:25:16","R");
INSERT INTO `checkdata` VALUES("48","{path:C:/xampp/htdocs/data/backup/DB_backupbackup-02222019_174808.sql|hash:fac5bf8b96d46b0cdc63842361b60ca5|size:15346}"," C:/xampp/htdocs/data ","2019-02-23 12:21:30","C");
INSERT INTO `checkdata` VALUES("49","{path:C:/xampp/htdocs/data/backup/DB_backupbackup-02222019_174808.sql|hash:fac5bf8b96d46b0cdc63842361b60ca5|size:15346}"," C:/xampp/htdocs/data ","2019-02-23 12:22:15","C");
INSERT INTO `checkdata` VALUES("50","{path:C:/xampp/htdocs/backup/backup (1).sql|hash:949300233ea9609acba1c9bd78cf798f|size:29501}{path:C:/xampp/htdocs/backup/backup (3).sql|hash:d1b03768c7999308312481b562862088|size:17980}{path:C:/xampp/htdocs/backup/config/connectDB.php|hash:5e8aa2da0e1e3f0f8c3175378b859bd6|size:3066}{path:C:/xampp/htdocs/backup/config/ftp.php|hash:ba5de461cf10540f56d86c40c2896d43|size:587}{path:C:/xampp/htdocs/backup/config/mannual.txt|hash:332d03979db733104952bb58e812d8c4|size:54}{path:C:/xampp/htdocs/backup/core/backup/backup.js|hash:d41d8cd98f00b204e9800998ecf8427e|size:0}{path:C:/xampp/htdocs/backup/core/backup/index.php|hash:70f3ea78922dee154d6fc0be61da210f|size:3398}{path:C:/xampp/htdocs/backup/core/checkData/index.php|hash:ac36afc035baf24fe871078616eba6e2|size:2232}{path:C:/xampp/htdocs/backup/core/recovery/index.php|hash:51739ec62a0bcc7259c67309d2e27ccd|size:3405}{path:C:/xampp/htdocs/backup/core/report/index.php|hash:ba71ed527a38173c1717da80ef1f83c0|size:1093}{path:C:/xampp/htdocs/backup/core/report/report_backup.php|hash:100c3ac12e3c2cca34c8fdf8e437cb6f|size:2463}{path:C:/xampp/htdocs/backup/core/report/report_fileserver.php|hash:0fd657ac65ae2041cca01de913ed84dc|size:4599}{path:C:/xampp/htdocs/backup/core/report/report_recovery.php|hash:b3dda2494505a4deabca2d0c5ed9f0e1|size:1980}{path:C:/xampp/htdocs/backup/core/report/repost.js|hash:638ba41d6f0c035cbf817c30a867f140|size:349}{path:C:/xampp/htdocs/backup/images/.DS_Store|hash:10fda1d740de905d516af56c371a9d12|size:6148}{path:C:/xampp/htdocs/backup/images/shards-dashboards-logo.png|hash:2db96f9b76abd85a149ee432f59986c8|size:954}"," C:/xampp/htdocs/backup ","2019-02-23 12:22:39","C");
INSERT INTO `checkdata` VALUES("51","{path:C:/xampp/htdocs/backup/backup (1).sql|hash:949300233ea9609acba1c9bd78cf798f|size:29501}{path:C:/xampp/htdocs/backup/backup (3).sql|hash:d1b03768c7999308312481b562862088|size:17980}{path:C:/xampp/htdocs/backup/config/connectDB.php|hash:5e8aa2da0e1e3f0f8c3175378b859bd6|size:3066}{path:C:/xampp/htdocs/backup/config/ftp.php|hash:ba5de461cf10540f56d86c40c2896d43|size:587}{path:C:/xampp/htdocs/backup/config/mannual.txt|hash:332d03979db733104952bb58e812d8c4|size:54}{path:C:/xampp/htdocs/backup/core/backup/backup.js|hash:d41d8cd98f00b204e9800998ecf8427e|size:0}{path:C:/xampp/htdocs/backup/core/backup/index.php|hash:70f3ea78922dee154d6fc0be61da210f|size:3398}{path:C:/xampp/htdocs/backup/core/checkData/index.php|hash:ac36afc035baf24fe871078616eba6e2|size:2232}{path:C:/xampp/htdocs/backup/core/recovery/index.php|hash:51739ec62a0bcc7259c67309d2e27ccd|size:3405}{path:C:/xampp/htdocs/backup/core/report/index.php|hash:ba71ed527a38173c1717da80ef1f83c0|size:1093}{path:C:/xampp/htdocs/backup/core/report/report_backup.php|hash:100c3ac12e3c2cca34c8fdf8e437cb6f|size:2463}{path:C:/xampp/htdocs/backup/core/report/report_fileserver.php|hash:0fd657ac65ae2041cca01de913ed84dc|size:4599}{path:C:/xampp/htdocs/backup/core/report/report_recovery.php|hash:b3dda2494505a4deabca2d0c5ed9f0e1|size:1980}{path:C:/xampp/htdocs/backup/core/report/repost.js|hash:638ba41d6f0c035cbf817c30a867f140|size:349}{path:C:/xampp/htdocs/backup/images/.DS_Store|hash:10fda1d740de905d516af56c371a9d12|size:6148}{path:C:/xampp/htdocs/backup/images/shards-dashboards-logo.png|hash:2db96f9b76abd85a149ee432f59986c8|size:954}"," C:/xampp/htdocs/backup ","2019-02-23 12:23:48","C");
INSERT INTO `checkdata` VALUES("52","{path:C:/xampp/htdocs/backup/backup (1).sql|hash:949300233ea9609acba1c9bd78cf798f|size:29501}{path:C:/xampp/htdocs/backup/backup (3).sql|hash:d1b03768c7999308312481b562862088|size:17980}{path:C:/xampp/htdocs/backup/config/connectDB.php|hash:5e8aa2da0e1e3f0f8c3175378b859bd6|size:3066}{path:C:/xampp/htdocs/backup/config/ftp.php|hash:ba5de461cf10540f56d86c40c2896d43|size:587}{path:C:/xampp/htdocs/backup/config/mannual.txt|hash:332d03979db733104952bb58e812d8c4|size:54}{path:C:/xampp/htdocs/backup/core/backup/backup.js|hash:d41d8cd98f00b204e9800998ecf8427e|size:0}{path:C:/xampp/htdocs/backup/core/backup/index.php|hash:70f3ea78922dee154d6fc0be61da210f|size:3398}{path:C:/xampp/htdocs/backup/core/checkData/index.php|hash:ac36afc035baf24fe871078616eba6e2|size:2232}{path:C:/xampp/htdocs/backup/core/recovery/index.php|hash:51739ec62a0bcc7259c67309d2e27ccd|size:3405}{path:C:/xampp/htdocs/backup/core/report/index.php|hash:ba71ed527a38173c1717da80ef1f83c0|size:1093}{path:C:/xampp/htdocs/backup/core/report/report_backup.php|hash:100c3ac12e3c2cca34c8fdf8e437cb6f|size:2463}{path:C:/xampp/htdocs/backup/core/report/report_fileserver.php|hash:0fd657ac65ae2041cca01de913ed84dc|size:4599}{path:C:/xampp/htdocs/backup/core/report/report_recovery.php|hash:b3dda2494505a4deabca2d0c5ed9f0e1|size:1980}{path:C:/xampp/htdocs/backup/core/report/repost.js|hash:638ba41d6f0c035cbf817c30a867f140|size:349}{path:C:/xampp/htdocs/backup/images/.DS_Store|hash:10fda1d740de905d516af56c371a9d12|size:6148}{path:C:/xampp/htdocs/backup/images/shards-dashboards-logo.png|hash:2db96f9b76abd85a149ee432f59986c8|size:954}"," C:/xampp/htdocs/backup ","2019-02-23 12:25:24","C");
INSERT INTO `checkdata` VALUES("53","{path:C:/xampp/htdocs/backup/backup (1).sql|hash:949300233ea9609acba1c9bd78cf798f|size:29501}{path:C:/xampp/htdocs/backup/backup (3).sql|hash:d1b03768c7999308312481b562862088|size:17980}{path:C:/xampp/htdocs/backup/config/connectDB.php|hash:5e8aa2da0e1e3f0f8c3175378b859bd6|size:3066}{path:C:/xampp/htdocs/backup/config/ftp.php|hash:ba5de461cf10540f56d86c40c2896d43|size:587}{path:C:/xampp/htdocs/backup/config/mannual.txt|hash:332d03979db733104952bb58e812d8c4|size:54}{path:C:/xampp/htdocs/backup/core/backup/backup.js|hash:d41d8cd98f00b204e9800998ecf8427e|size:0}{path:C:/xampp/htdocs/backup/core/backup/index.php|hash:70f3ea78922dee154d6fc0be61da210f|size:3398}{path:C:/xampp/htdocs/backup/core/checkData/index.php|hash:ac36afc035baf24fe871078616eba6e2|size:2232}{path:C:/xampp/htdocs/backup/core/recovery/index.php|hash:51739ec62a0bcc7259c67309d2e27ccd|size:3405}{path:C:/xampp/htdocs/backup/core/report/index.php|hash:ba71ed527a38173c1717da80ef1f83c0|size:1093}{path:C:/xampp/htdocs/backup/core/report/report_backup.php|hash:100c3ac12e3c2cca34c8fdf8e437cb6f|size:2463}{path:C:/xampp/htdocs/backup/core/report/report_fileserver.php|hash:0fd657ac65ae2041cca01de913ed84dc|size:4599}{path:C:/xampp/htdocs/backup/core/report/report_recovery.php|hash:b3dda2494505a4deabca2d0c5ed9f0e1|size:1980}{path:C:/xampp/htdocs/backup/core/report/repost.js|hash:638ba41d6f0c035cbf817c30a867f140|size:349}{path:C:/xampp/htdocs/backup/images/.DS_Store|hash:10fda1d740de905d516af56c371a9d12|size:6148}{path:C:/xampp/htdocs/backup/images/shards-dashboards-logo.png|hash:2db96f9b76abd85a149ee432f59986c8|size:954}"," C:/xampp/htdocs/backup ","2019-02-23 12:26:01","C");
INSERT INTO `checkdata` VALUES("54","{path:C:/xampp/htdocs/backup/backup (1).sql|hash:949300233ea9609acba1c9bd78cf798f|size:29501}{path:C:/xampp/htdocs/backup/backup (3).sql|hash:d1b03768c7999308312481b562862088|size:17980}{path:C:/xampp/htdocs/backup/config/connectDB.php|hash:5e8aa2da0e1e3f0f8c3175378b859bd6|size:3066}{path:C:/xampp/htdocs/backup/config/ftp.php|hash:ba5de461cf10540f56d86c40c2896d43|size:587}{path:C:/xampp/htdocs/backup/config/mannual.txt|hash:332d03979db733104952bb58e812d8c4|size:54}{path:C:/xampp/htdocs/backup/core/backup/backup.js|hash:d41d8cd98f00b204e9800998ecf8427e|size:0}{path:C:/xampp/htdocs/backup/core/backup/index.php|hash:70f3ea78922dee154d6fc0be61da210f|size:3398}{path:C:/xampp/htdocs/backup/core/checkData/index.php|hash:ac36afc035baf24fe871078616eba6e2|size:2232}{path:C:/xampp/htdocs/backup/core/recovery/index.php|hash:51739ec62a0bcc7259c67309d2e27ccd|size:3405}{path:C:/xampp/htdocs/backup/core/report/index.php|hash:ba71ed527a38173c1717da80ef1f83c0|size:1093}{path:C:/xampp/htdocs/backup/core/report/report_backup.php|hash:100c3ac12e3c2cca34c8fdf8e437cb6f|size:2463}{path:C:/xampp/htdocs/backup/core/report/report_fileserver.php|hash:0fd657ac65ae2041cca01de913ed84dc|size:4599}{path:C:/xampp/htdocs/backup/core/report/report_recovery.php|hash:b3dda2494505a4deabca2d0c5ed9f0e1|size:1980}{path:C:/xampp/htdocs/backup/core/report/repost.js|hash:638ba41d6f0c035cbf817c30a867f140|size:349}{path:C:/xampp/htdocs/backup/images/.DS_Store|hash:10fda1d740de905d516af56c371a9d12|size:6148}{path:C:/xampp/htdocs/backup/images/shards-dashboards-logo.png|hash:2db96f9b76abd85a149ee432f59986c8|size:954}"," C:/xampp/htdocs/backup ","2019-02-23 12:26:36","C");
INSERT INTO `checkdata` VALUES("55","{path:C:/xampp/htdocs/data/backup/DB_backupbackup-02222019_174808.sql|hash:fac5bf8b96d46b0cdc63842361b60ca5|size:15346}"," C:/xampp/htdocs/data ","2019-02-23 19:22:14","R");
INSERT INTO `checkdata` VALUES("56","{path:C:/xampp/htdocs/data/THSarabun/.DS_Store|hash:e2512200b92e22b6c831656d3b5315e9|size:6148}{path:C:/xampp/htdocs/data/THSarabun/THSarabunNew Bold.ttf|hash:bdd8eb542ab9aa84e5809edb230f07cc|size:366464}{path:C:/xampp/htdocs/data/THSarabun/THSarabunNew BoldItalic.ttf|hash:0b381613886ea1af245b0a8120019ecb|size:118364}{path:C:/xampp/htdocs/data/THSarabun/THSarabunNew Italic.ttf|hash:05a052030bb61432929f643579b82ce1|size:116800}{path:C:/xampp/htdocs/data/THSarabunNew/.DS_Store|hash:e2512200b92e22b6c831656d3b5315e9|size:6148}{path:C:/xampp/htdocs/data/THSarabunNew/THSarabunNew Bold.ttf|hash:bdd8eb542ab9aa84e5809edb230f07cc|size:366464}{path:C:/xampp/htdocs/data/THSarabunNew/THSarabunNew BoldItalic.ttf|hash:0b381613886ea1af245b0a8120019ecb|size:118364}{path:C:/xampp/htdocs/data/THSarabunNew/THSarabunNew Italic.ttf|hash:05a052030bb61432929f643579b82ce1|size:116800}"," C:/xampp/htdocs/data ","2019-02-24 01:42:05","C");
INSERT INTO `checkdata` VALUES("57","{path:C:/xampp/htdocs/data/THSarabun/.DS_Store|hash:e2512200b92e22b6c831656d3b5315e9|size:6148}{path:C:/xampp/htdocs/data/THSarabun/THSarabunNew Bold.ttf|hash:bdd8eb542ab9aa84e5809edb230f07cc|size:366464}{path:C:/xampp/htdocs/data/THSarabun/THSarabunNew BoldItalic.ttf|hash:0b381613886ea1af245b0a8120019ecb|size:118364}{path:C:/xampp/htdocs/data/THSarabun/THSarabunNew Italic.ttf|hash:05a052030bb61432929f643579b82ce1|size:116800}{path:C:/xampp/htdocs/data/THSarabunNew/.DS_Store|hash:e2512200b92e22b6c831656d3b5315e9|size:6148}{path:C:/xampp/htdocs/data/THSarabunNew/THSarabunNew Bold.ttf|hash:bdd8eb542ab9aa84e5809edb230f07cc|size:366464}{path:C:/xampp/htdocs/data/THSarabunNew/THSarabunNew BoldItalic.ttf|hash:0b381613886ea1af245b0a8120019ecb|size:118364}{path:C:/xampp/htdocs/data/THSarabunNew/THSarabunNew Italic.ttf|hash:05a052030bb61432929f643579b82ce1|size:116800}"," C:/xampp/htdocs/data ","2019-02-24 01:42:54","C");
INSERT INTO `checkdata` VALUES("58","{path:C:/xampp/htdocs/backup/backup (1).sql|hash:949300233ea9609acba1c9bd78cf798f|size:29501}{path:C:/xampp/htdocs/backup/backup (3).sql|hash:d1b03768c7999308312481b562862088|size:17980}{path:C:/xampp/htdocs/backup/config/connectDB.php|hash:5e8aa2da0e1e3f0f8c3175378b859bd6|size:3066}{path:C:/xampp/htdocs/backup/config/ftp.php|hash:ba5de461cf10540f56d86c40c2896d43|size:587}{path:C:/xampp/htdocs/backup/config/mannual.txt|hash:332d03979db733104952bb58e812d8c4|size:54}{path:C:/xampp/htdocs/backup/core/backup/backup.js|hash:d41d8cd98f00b204e9800998ecf8427e|size:0}{path:C:/xampp/htdocs/backup/core/backup/index.php|hash:70f3ea78922dee154d6fc0be61da210f|size:3398}{path:C:/xampp/htdocs/backup/core/checkData/index.php|hash:ac36afc035baf24fe871078616eba6e2|size:2232}{path:C:/xampp/htdocs/backup/core/recovery/index.php|hash:51739ec62a0bcc7259c67309d2e27ccd|size:3405}{path:C:/xampp/htdocs/backup/core/report/index.php|hash:ba71ed527a38173c1717da80ef1f83c0|size:1093}{path:C:/xampp/htdocs/backup/core/report/report_backup.php|hash:100c3ac12e3c2cca34c8fdf8e437cb6f|size:2463}{path:C:/xampp/htdocs/backup/core/report/report_fileserver.php|hash:0fd657ac65ae2041cca01de913ed84dc|size:4599}{path:C:/xampp/htdocs/backup/core/report/report_recovery.php|hash:b3dda2494505a4deabca2d0c5ed9f0e1|size:1980}{path:C:/xampp/htdocs/backup/core/report/repost.js|hash:638ba41d6f0c035cbf817c30a867f140|size:349}{path:C:/xampp/htdocs/backup/images/.DS_Store|hash:10fda1d740de905d516af56c371a9d12|size:6148}{path:C:/xampp/htdocs/backup/images/shards-dashboards-logo.png|hash:2db96f9b76abd85a149ee432f59986c8|size:954}"," C:/xampp/htdocs/backup ","2019-02-24 01:43:20","C");
INSERT INTO `checkdata` VALUES("59","{path:C:/xampp/htdocs/backup/backup (1).sql|hash:949300233ea9609acba1c9bd78cf798f|size:29501}{path:C:/xampp/htdocs/backup/backup (3).sql|hash:d1b03768c7999308312481b562862088|size:17980}{path:C:/xampp/htdocs/backup/config/connectDB.php|hash:5e8aa2da0e1e3f0f8c3175378b859bd6|size:3066}{path:C:/xampp/htdocs/backup/config/ftp.php|hash:ba5de461cf10540f56d86c40c2896d43|size:587}{path:C:/xampp/htdocs/backup/config/mannual.txt|hash:332d03979db733104952bb58e812d8c4|size:54}{path:C:/xampp/htdocs/backup/core/backup/backup.js|hash:d41d8cd98f00b204e9800998ecf8427e|size:0}{path:C:/xampp/htdocs/backup/core/backup/index.php|hash:70f3ea78922dee154d6fc0be61da210f|size:3398}{path:C:/xampp/htdocs/backup/core/checkData/index.php|hash:ac36afc035baf24fe871078616eba6e2|size:2232}{path:C:/xampp/htdocs/backup/core/recovery/index.php|hash:51739ec62a0bcc7259c67309d2e27ccd|size:3405}{path:C:/xampp/htdocs/backup/core/report/index.php|hash:ba71ed527a38173c1717da80ef1f83c0|size:1093}{path:C:/xampp/htdocs/backup/core/report/report_backup.php|hash:100c3ac12e3c2cca34c8fdf8e437cb6f|size:2463}{path:C:/xampp/htdocs/backup/core/report/report_fileserver.php|hash:0fd657ac65ae2041cca01de913ed84dc|size:4599}{path:C:/xampp/htdocs/backup/core/report/report_recovery.php|hash:b3dda2494505a4deabca2d0c5ed9f0e1|size:1980}{path:C:/xampp/htdocs/backup/core/report/repost.js|hash:638ba41d6f0c035cbf817c30a867f140|size:349}{path:C:/xampp/htdocs/backup/images/.DS_Store|hash:10fda1d740de905d516af56c371a9d12|size:6148}{path:C:/xampp/htdocs/backup/images/shards-dashboards-logo.png|hash:2db96f9b76abd85a149ee432f59986c8|size:954}"," C:/xampp/htdocs/backup ","2019-02-24 01:47:09","C");
INSERT INTO `checkdata` VALUES("60","{path:C:/xampp/htdocs/backup/backup (1).sql|hash:949300233ea9609acba1c9bd78cf798f|size:29501}{path:C:/xampp/htdocs/backup/backup (3).sql|hash:d1b03768c7999308312481b562862088|size:17980}{path:C:/xampp/htdocs/backup/config/connectDB.php|hash:5e8aa2da0e1e3f0f8c3175378b859bd6|size:3066}{path:C:/xampp/htdocs/backup/config/ftp.php|hash:ba5de461cf10540f56d86c40c2896d43|size:587}{path:C:/xampp/htdocs/backup/config/mannual.txt|hash:332d03979db733104952bb58e812d8c4|size:54}{path:C:/xampp/htdocs/backup/core/backup/backup.js|hash:d41d8cd98f00b204e9800998ecf8427e|size:0}{path:C:/xampp/htdocs/backup/core/backup/index.php|hash:70f3ea78922dee154d6fc0be61da210f|size:3398}{path:C:/xampp/htdocs/backup/core/checkData/index.php|hash:ac36afc035baf24fe871078616eba6e2|size:2232}{path:C:/xampp/htdocs/backup/core/recovery/index.php|hash:51739ec62a0bcc7259c67309d2e27ccd|size:3405}{path:C:/xampp/htdocs/backup/core/report/index.php|hash:ba71ed527a38173c1717da80ef1f83c0|size:1093}{path:C:/xampp/htdocs/backup/core/report/report_backup.php|hash:100c3ac12e3c2cca34c8fdf8e437cb6f|size:2463}{path:C:/xampp/htdocs/backup/core/report/report_fileserver.php|hash:0fd657ac65ae2041cca01de913ed84dc|size:4599}{path:C:/xampp/htdocs/backup/core/report/report_recovery.php|hash:b3dda2494505a4deabca2d0c5ed9f0e1|size:1980}{path:C:/xampp/htdocs/backup/core/report/repost.js|hash:638ba41d6f0c035cbf817c30a867f140|size:349}{path:C:/xampp/htdocs/backup/images/.DS_Store|hash:10fda1d740de905d516af56c371a9d12|size:6148}{path:C:/xampp/htdocs/backup/images/shards-dashboards-logo.png|hash:2db96f9b76abd85a149ee432f59986c8|size:954}"," C:/xampp/htdocs/backup ","2019-02-24 01:47:44","C");
INSERT INTO `checkdata` VALUES("61","{path:C:/xampp/htdocs/backup/backup (1).sql|hash:949300233ea9609acba1c9bd78cf798f|size:29501}{path:C:/xampp/htdocs/backup/backup (3).sql|hash:d1b03768c7999308312481b562862088|size:17980}{path:C:/xampp/htdocs/backup/config/connectDB.php|hash:5e8aa2da0e1e3f0f8c3175378b859bd6|size:3066}{path:C:/xampp/htdocs/backup/config/ftp.php|hash:ba5de461cf10540f56d86c40c2896d43|size:587}{path:C:/xampp/htdocs/backup/config/mannual.txt|hash:332d03979db733104952bb58e812d8c4|size:54}{path:C:/xampp/htdocs/backup/core/backup/backup.js|hash:d41d8cd98f00b204e9800998ecf8427e|size:0}{path:C:/xampp/htdocs/backup/core/backup/index.php|hash:70f3ea78922dee154d6fc0be61da210f|size:3398}{path:C:/xampp/htdocs/backup/core/checkData/index.php|hash:ac36afc035baf24fe871078616eba6e2|size:2232}{path:C:/xampp/htdocs/backup/core/recovery/index.php|hash:51739ec62a0bcc7259c67309d2e27ccd|size:3405}{path:C:/xampp/htdocs/backup/core/report/index.php|hash:ba71ed527a38173c1717da80ef1f83c0|size:1093}{path:C:/xampp/htdocs/backup/core/report/report_backup.php|hash:100c3ac12e3c2cca34c8fdf8e437cb6f|size:2463}{path:C:/xampp/htdocs/backup/core/report/report_fileserver.php|hash:0fd657ac65ae2041cca01de913ed84dc|size:4599}{path:C:/xampp/htdocs/backup/core/report/report_recovery.php|hash:b3dda2494505a4deabca2d0c5ed9f0e1|size:1980}{path:C:/xampp/htdocs/backup/core/report/repost.js|hash:638ba41d6f0c035cbf817c30a867f140|size:349}{path:C:/xampp/htdocs/backup/images/.DS_Store|hash:10fda1d740de905d516af56c371a9d12|size:6148}{path:C:/xampp/htdocs/backup/images/shards-dashboards-logo.png|hash:2db96f9b76abd85a149ee432f59986c8|size:954}"," C:/xampp/htdocs/backup ","2019-02-24 01:48:17","C");
INSERT INTO `checkdata` VALUES("62","{path:C:/xampp/htdocs/backup/backup (1).sql|hash:949300233ea9609acba1c9bd78cf798f|size:29501}{path:C:/xampp/htdocs/backup/backup (3).sql|hash:d1b03768c7999308312481b562862088|size:17980}{path:C:/xampp/htdocs/backup/config/connectDB.php|hash:5e8aa2da0e1e3f0f8c3175378b859bd6|size:3066}{path:C:/xampp/htdocs/backup/config/ftp.php|hash:ba5de461cf10540f56d86c40c2896d43|size:587}{path:C:/xampp/htdocs/backup/config/mannual.txt|hash:332d03979db733104952bb58e812d8c4|size:54}{path:C:/xampp/htdocs/backup/core/backup/backup.js|hash:d41d8cd98f00b204e9800998ecf8427e|size:0}{path:C:/xampp/htdocs/backup/core/backup/index.php|hash:70f3ea78922dee154d6fc0be61da210f|size:3398}{path:C:/xampp/htdocs/backup/core/checkData/index.php|hash:ac36afc035baf24fe871078616eba6e2|size:2232}{path:C:/xampp/htdocs/backup/core/recovery/index.php|hash:51739ec62a0bcc7259c67309d2e27ccd|size:3405}{path:C:/xampp/htdocs/backup/core/report/index.php|hash:ba71ed527a38173c1717da80ef1f83c0|size:1093}{path:C:/xampp/htdocs/backup/core/report/report_backup.php|hash:100c3ac12e3c2cca34c8fdf8e437cb6f|size:2463}{path:C:/xampp/htdocs/backup/core/report/report_fileserver.php|hash:0fd657ac65ae2041cca01de913ed84dc|size:4599}{path:C:/xampp/htdocs/backup/core/report/report_recovery.php|hash:b3dda2494505a4deabca2d0c5ed9f0e1|size:1980}{path:C:/xampp/htdocs/backup/core/report/repost.js|hash:638ba41d6f0c035cbf817c30a867f140|size:349}{path:C:/xampp/htdocs/backup/images/.DS_Store|hash:10fda1d740de905d516af56c371a9d12|size:6148}{path:C:/xampp/htdocs/backup/images/shards-dashboards-logo.png|hash:2db96f9b76abd85a149ee432f59986c8|size:954}"," C:/xampp/htdocs/backup","2019-02-24 01:49:43","C");
INSERT INTO `checkdata` VALUES("63","{path:C:/xampp/htdocs/backup/backup (1).sql|hash:949300233ea9609acba1c9bd78cf798f|size:29501}{path:C:/xampp/htdocs/backup/backup (3).sql|hash:d1b03768c7999308312481b562862088|size:17980}{path:C:/xampp/htdocs/backup/config/connectDB.php|hash:5e8aa2da0e1e3f0f8c3175378b859bd6|size:3066}{path:C:/xampp/htdocs/backup/config/ftp.php|hash:ba5de461cf10540f56d86c40c2896d43|size:587}{path:C:/xampp/htdocs/backup/config/mannual.txt|hash:332d03979db733104952bb58e812d8c4|size:54}{path:C:/xampp/htdocs/backup/core/backup/backup.js|hash:d41d8cd98f00b204e9800998ecf8427e|size:0}{path:C:/xampp/htdocs/backup/core/backup/index.php|hash:70f3ea78922dee154d6fc0be61da210f|size:3398}{path:C:/xampp/htdocs/backup/core/checkData/index.php|hash:ac36afc035baf24fe871078616eba6e2|size:2232}{path:C:/xampp/htdocs/backup/core/recovery/index.php|hash:51739ec62a0bcc7259c67309d2e27ccd|size:3405}{path:C:/xampp/htdocs/backup/core/report/index.php|hash:ba71ed527a38173c1717da80ef1f83c0|size:1093}{path:C:/xampp/htdocs/backup/core/report/report_backup.php|hash:100c3ac12e3c2cca34c8fdf8e437cb6f|size:2463}{path:C:/xampp/htdocs/backup/core/report/report_fileserver.php|hash:0fd657ac65ae2041cca01de913ed84dc|size:4599}{path:C:/xampp/htdocs/backup/core/report/report_recovery.php|hash:b3dda2494505a4deabca2d0c5ed9f0e1|size:1980}{path:C:/xampp/htdocs/backup/core/report/repost.js|hash:638ba41d6f0c035cbf817c30a867f140|size:349}{path:C:/xampp/htdocs/backup/images/.DS_Store|hash:10fda1d740de905d516af56c371a9d12|size:6148}{path:C:/xampp/htdocs/backup/images/shards-dashboards-logo.png|hash:2db96f9b76abd85a149ee432f59986c8|size:954}"," C:/xampp/htdocs/backup ","2019-02-24 09:21:23","C");
INSERT INTO `checkdata` VALUES("64","{path:C:/xampp/htdocs/data/THSarabun/.DS_Store|hash:e2512200b92e22b6c831656d3b5315e9|size:6148}{path:C:/xampp/htdocs/data/THSarabun/THSarabunNew Bold.ttf|hash:bdd8eb542ab9aa84e5809edb230f07cc|size:366464}{path:C:/xampp/htdocs/data/THSarabun/THSarabunNew BoldItalic.ttf|hash:0b381613886ea1af245b0a8120019ecb|size:118364}{path:C:/xampp/htdocs/data/THSarabun/THSarabunNew Italic.ttf|hash:05a052030bb61432929f643579b82ce1|size:116800}{path:C:/xampp/htdocs/data/THSarabunNew/.DS_Store|hash:e2512200b92e22b6c831656d3b5315e9|size:6148}{path:C:/xampp/htdocs/data/THSarabunNew/THSarabunNew Bold.ttf|hash:bdd8eb542ab9aa84e5809edb230f07cc|size:366464}{path:C:/xampp/htdocs/data/THSarabunNew/THSarabunNew BoldItalic.ttf|hash:0b381613886ea1af245b0a8120019ecb|size:118364}{path:C:/xampp/htdocs/data/THSarabunNew/THSarabunNew Italic.ttf|hash:05a052030bb61432929f643579b82ce1|size:116800}"," C:/xampp/htdocs/data ","2019-02-24 09:26:34","C");
INSERT INTO `checkdata` VALUES("65","{path:C:/xampp/htdocs/data/THSarabun/.DS_Store|hash:e2512200b92e22b6c831656d3b5315e9|size:6148}{path:C:/xampp/htdocs/data/THSarabun/THSarabunNew Bold.ttf|hash:bdd8eb542ab9aa84e5809edb230f07cc|size:366464}{path:C:/xampp/htdocs/data/THSarabun/THSarabunNew BoldItalic.ttf|hash:0b381613886ea1af245b0a8120019ecb|size:118364}{path:C:/xampp/htdocs/data/THSarabun/THSarabunNew Italic.ttf|hash:05a052030bb61432929f643579b82ce1|size:116800}{path:C:/xampp/htdocs/data/THSarabunNew/.DS_Store|hash:e2512200b92e22b6c831656d3b5315e9|size:6148}{path:C:/xampp/htdocs/data/THSarabunNew/THSarabunNew Bold.ttf|hash:bdd8eb542ab9aa84e5809edb230f07cc|size:366464}{path:C:/xampp/htdocs/data/THSarabunNew/THSarabunNew BoldItalic.ttf|hash:0b381613886ea1af245b0a8120019ecb|size:118364}{path:C:/xampp/htdocs/data/THSarabunNew/THSarabunNew Italic.ttf|hash:05a052030bb61432929f643579b82ce1|size:116800}"," C:/xampp/htdocs/data ","2019-02-24 09:26:59","C");
INSERT INTO `checkdata` VALUES("66","{path:C:/xampp/htdocs/data/THSarabun/.DS_Store|hash:e2512200b92e22b6c831656d3b5315e9|size:6148}{path:C:/xampp/htdocs/data/THSarabun/THSarabunNew Bold.ttf|hash:bdd8eb542ab9aa84e5809edb230f07cc|size:366464}{path:C:/xampp/htdocs/data/THSarabun/THSarabunNew BoldItalic.ttf|hash:0b381613886ea1af245b0a8120019ecb|size:118364}{path:C:/xampp/htdocs/data/THSarabun/THSarabunNew Italic.ttf|hash:05a052030bb61432929f643579b82ce1|size:116800}{path:C:/xampp/htdocs/data/THSarabunNew/.DS_Store|hash:e2512200b92e22b6c831656d3b5315e9|size:6148}{path:C:/xampp/htdocs/data/THSarabunNew/THSarabunNew Bold.ttf|hash:bdd8eb542ab9aa84e5809edb230f07cc|size:366464}{path:C:/xampp/htdocs/data/THSarabunNew/THSarabunNew BoldItalic.ttf|hash:0b381613886ea1af245b0a8120019ecb|size:118364}{path:C:/xampp/htdocs/data/THSarabunNew/THSarabunNew Italic.ttf|hash:05a052030bb61432929f643579b82ce1|size:116800}"," C:/xampp/htdocs/data ","2019-02-24 09:35:00","C");
INSERT INTO `checkdata` VALUES("67","{path:C:/xampp/htdocs/data/THSarabun/.DS_Store|hash:e2512200b92e22b6c831656d3b5315e9|size:6148}{path:C:/xampp/htdocs/data/THSarabun/THSarabunNew Bold.ttf|hash:bdd8eb542ab9aa84e5809edb230f07cc|size:366464}{path:C:/xampp/htdocs/data/THSarabun/THSarabunNew BoldItalic.ttf|hash:0b381613886ea1af245b0a8120019ecb|size:118364}{path:C:/xampp/htdocs/data/THSarabun/THSarabunNew Italic.ttf|hash:05a052030bb61432929f643579b82ce1|size:116800}{path:C:/xampp/htdocs/data/THSarabunNew/.DS_Store|hash:e2512200b92e22b6c831656d3b5315e9|size:6148}{path:C:/xampp/htdocs/data/THSarabunNew/THSarabunNew Bold.ttf|hash:bdd8eb542ab9aa84e5809edb230f07cc|size:366464}{path:C:/xampp/htdocs/data/THSarabunNew/THSarabunNew BoldItalic.ttf|hash:0b381613886ea1af245b0a8120019ecb|size:118364}{path:C:/xampp/htdocs/data/THSarabunNew/THSarabunNew Italic.ttf|hash:05a052030bb61432929f643579b82ce1|size:116800}","C:/xampp/htdocs/data","2019-02-24 09:36:30","C");
INSERT INTO `checkdata` VALUES("68","{path:C:/xampp/htdocs/data/THSarabun/.DS_Store|hash:e2512200b92e22b6c831656d3b5315e9|size:6148}{path:C:/xampp/htdocs/data/THSarabun/THSarabunNew Bold.ttf|hash:bdd8eb542ab9aa84e5809edb230f07cc|size:366464}{path:C:/xampp/htdocs/data/THSarabun/THSarabunNew BoldItalic.ttf|hash:0b381613886ea1af245b0a8120019ecb|size:118364}{path:C:/xampp/htdocs/data/THSarabun/THSarabunNew Italic.ttf|hash:05a052030bb61432929f643579b82ce1|size:116800}{path:C:/xampp/htdocs/data/THSarabunNew/.DS_Store|hash:e2512200b92e22b6c831656d3b5315e9|size:6148}{path:C:/xampp/htdocs/data/THSarabunNew/THSarabunNew Bold.ttf|hash:bdd8eb542ab9aa84e5809edb230f07cc|size:366464}{path:C:/xampp/htdocs/data/THSarabunNew/THSarabunNew BoldItalic.ttf|hash:0b381613886ea1af245b0a8120019ecb|size:118364}{path:C:/xampp/htdocs/data/THSarabunNew/THSarabunNew Italic.ttf|hash:05a052030bb61432929f643579b82ce1|size:116800}","C:/xampp/htdocs/data","2019-02-24 09:36:45","C");
INSERT INTO `checkdata` VALUES("69","{path:C:/xampp/htdocs/data/THSarabun/.DS_Store|hash:e2512200b92e22b6c831656d3b5315e9|size:6148}{path:C:/xampp/htdocs/data/THSarabun/THSarabunNew Bold.ttf|hash:bdd8eb542ab9aa84e5809edb230f07cc|size:366464}{path:C:/xampp/htdocs/data/THSarabun/THSarabunNew BoldItalic.ttf|hash:0b381613886ea1af245b0a8120019ecb|size:118364}{path:C:/xampp/htdocs/data/THSarabun/THSarabunNew Italic.ttf|hash:05a052030bb61432929f643579b82ce1|size:116800}{path:C:/xampp/htdocs/data/THSarabunNew/.DS_Store|hash:e2512200b92e22b6c831656d3b5315e9|size:6148}{path:C:/xampp/htdocs/data/THSarabunNew/THSarabunNew Bold.ttf|hash:bdd8eb542ab9aa84e5809edb230f07cc|size:366464}{path:C:/xampp/htdocs/data/THSarabunNew/THSarabunNew BoldItalic.ttf|hash:0b381613886ea1af245b0a8120019ecb|size:118364}{path:C:/xampp/htdocs/data/THSarabunNew/THSarabunNew Italic.ttf|hash:05a052030bb61432929f643579b82ce1|size:116800}","C:/xampp/htdocs/data","2019-02-24 09:36:57","C");
INSERT INTO `checkdata` VALUES("70","{path:C:/xampp/htdocs/data/THSarabun/.DS_Store|hash:e2512200b92e22b6c831656d3b5315e9|size:6148}{path:C:/xampp/htdocs/data/THSarabun/THSarabunNew Bold.ttf|hash:bdd8eb542ab9aa84e5809edb230f07cc|size:366464}{path:C:/xampp/htdocs/data/THSarabun/THSarabunNew BoldItalic.ttf|hash:0b381613886ea1af245b0a8120019ecb|size:118364}{path:C:/xampp/htdocs/data/THSarabun/THSarabunNew Italic.ttf|hash:05a052030bb61432929f643579b82ce1|size:116800}{path:C:/xampp/htdocs/data/THSarabunNew/.DS_Store|hash:e2512200b92e22b6c831656d3b5315e9|size:6148}{path:C:/xampp/htdocs/data/THSarabunNew/THSarabunNew Bold.ttf|hash:bdd8eb542ab9aa84e5809edb230f07cc|size:366464}{path:C:/xampp/htdocs/data/THSarabunNew/THSarabunNew BoldItalic.ttf|hash:0b381613886ea1af245b0a8120019ecb|size:118364}{path:C:/xampp/htdocs/data/THSarabunNew/THSarabunNew Italic.ttf|hash:05a052030bb61432929f643579b82ce1|size:116800}","C:/xampp/htdocs/data","2019-02-24 09:37:47","C");
INSERT INTO `checkdata` VALUES("71","{path:C:/xampp/htdocs/data/THSarabun/.DS_Store|hash:e2512200b92e22b6c831656d3b5315e9|size:6148}{path:C:/xampp/htdocs/data/THSarabun/THSarabunNew Bold.ttf|hash:bdd8eb542ab9aa84e5809edb230f07cc|size:366464}{path:C:/xampp/htdocs/data/THSarabun/THSarabunNew BoldItalic.ttf|hash:0b381613886ea1af245b0a8120019ecb|size:118364}{path:C:/xampp/htdocs/data/THSarabun/THSarabunNew Italic.ttf|hash:05a052030bb61432929f643579b82ce1|size:116800}{path:C:/xampp/htdocs/data/THSarabunNew/.DS_Store|hash:e2512200b92e22b6c831656d3b5315e9|size:6148}{path:C:/xampp/htdocs/data/THSarabunNew/THSarabunNew Bold.ttf|hash:bdd8eb542ab9aa84e5809edb230f07cc|size:366464}{path:C:/xampp/htdocs/data/THSarabunNew/THSarabunNew BoldItalic.ttf|hash:0b381613886ea1af245b0a8120019ecb|size:118364}{path:C:/xampp/htdocs/data/THSarabunNew/THSarabunNew Italic.ttf|hash:05a052030bb61432929f643579b82ce1|size:116800}","C:/xampp/htdocs/data","2019-02-24 09:42:30","C");
INSERT INTO `checkdata` VALUES("72","{path:C:/xampp/htdocs/data/THSarabun/.DS_Store|hash:e2512200b92e22b6c831656d3b5315e9|size:6148}{path:C:/xampp/htdocs/data/THSarabun/THSarabunNew Bold.ttf|hash:bdd8eb542ab9aa84e5809edb230f07cc|size:366464}{path:C:/xampp/htdocs/data/THSarabun/THSarabunNew BoldItalic.ttf|hash:0b381613886ea1af245b0a8120019ecb|size:118364}{path:C:/xampp/htdocs/data/THSarabun/THSarabunNew Italic.ttf|hash:05a052030bb61432929f643579b82ce1|size:116800}{path:C:/xampp/htdocs/data/THSarabunNew/.DS_Store|hash:e2512200b92e22b6c831656d3b5315e9|size:6148}{path:C:/xampp/htdocs/data/THSarabunNew/THSarabunNew Bold.ttf|hash:bdd8eb542ab9aa84e5809edb230f07cc|size:366464}{path:C:/xampp/htdocs/data/THSarabunNew/THSarabunNew BoldItalic.ttf|hash:0b381613886ea1af245b0a8120019ecb|size:118364}{path:C:/xampp/htdocs/data/THSarabunNew/THSarabunNew Italic.ttf|hash:05a052030bb61432929f643579b82ce1|size:116800}","C:/xampp/htdocs/data","2019-02-24 09:43:40","C");
INSERT INTO `checkdata` VALUES("73","{path:C:/xampp/htdocs/data/THSarabun/.DS_Store|hash:e2512200b92e22b6c831656d3b5315e9|size:6148}{path:C:/xampp/htdocs/data/THSarabun/THSarabunNew Bold.ttf|hash:bdd8eb542ab9aa84e5809edb230f07cc|size:366464}{path:C:/xampp/htdocs/data/THSarabun/THSarabunNew BoldItalic.ttf|hash:0b381613886ea1af245b0a8120019ecb|size:118364}{path:C:/xampp/htdocs/data/THSarabun/THSarabunNew Italic.ttf|hash:05a052030bb61432929f643579b82ce1|size:116800}{path:C:/xampp/htdocs/data/THSarabunNew/.DS_Store|hash:e2512200b92e22b6c831656d3b5315e9|size:6148}{path:C:/xampp/htdocs/data/THSarabunNew/THSarabunNew Bold.ttf|hash:bdd8eb542ab9aa84e5809edb230f07cc|size:366464}{path:C:/xampp/htdocs/data/THSarabunNew/THSarabunNew BoldItalic.ttf|hash:0b381613886ea1af245b0a8120019ecb|size:118364}{path:C:/xampp/htdocs/data/THSarabunNew/THSarabunNew Italic.ttf|hash:05a052030bb61432929f643579b82ce1|size:116800}","C:/xampp/htdocs/data","2019-02-24 09:45:26","C");
INSERT INTO `checkdata` VALUES("74","{path:C:/xampp/htdocs/data/THSarabun/.DS_Store|hash:e2512200b92e22b6c831656d3b5315e9|size:6148}{path:C:/xampp/htdocs/data/THSarabun/THSarabunNew Bold.ttf|hash:bdd8eb542ab9aa84e5809edb230f07cc|size:366464}{path:C:/xampp/htdocs/data/THSarabun/THSarabunNew BoldItalic.ttf|hash:0b381613886ea1af245b0a8120019ecb|size:118364}{path:C:/xampp/htdocs/data/THSarabun/THSarabunNew Italic.ttf|hash:05a052030bb61432929f643579b82ce1|size:116800}{path:C:/xampp/htdocs/data/THSarabunNew/.DS_Store|hash:e2512200b92e22b6c831656d3b5315e9|size:6148}{path:C:/xampp/htdocs/data/THSarabunNew/THSarabunNew Bold.ttf|hash:bdd8eb542ab9aa84e5809edb230f07cc|size:366464}{path:C:/xampp/htdocs/data/THSarabunNew/THSarabunNew BoldItalic.ttf|hash:0b381613886ea1af245b0a8120019ecb|size:118364}{path:C:/xampp/htdocs/data/THSarabunNew/THSarabunNew Italic.ttf|hash:05a052030bb61432929f643579b82ce1|size:116800}","C:/xampp/htdocs/data","2019-02-24 09:46:22","C");
INSERT INTO `checkdata` VALUES("75","{path:C:/xampp/htdocs/data/sql/backup (3).sql|hash:d1b03768c7999308312481b562862088|size:17980}{path:C:/xampp/htdocs/data/sql/backup (4).sql|hash:cf9e0afd51a9d00dd75c6f9494ed349f|size:18848}{path:C:/xampp/htdocs/data/sql/backup 1.sql|hash:65d73657d33de08b2b041e992809d54e|size:30006}{path:C:/xampp/htdocs/data/sql/backup 2.sql|hash:7fe178c9aa6ae238723e488668b0be10|size:16372}","C:/xampp/htdocs/data/sql","2019-02-24 12:14:24","B");
INSERT INTO `checkdata` VALUES("76","","C:/xampp/htdocs/data/sql","2019-02-24 12:22:23","R");
INSERT INTO `checkdata` VALUES("77","{path:C:/xampp/htdocs/sql/backup (3).sql|hash:d1b03768c7999308312481b562862088|size:17980}{path:C:/xampp/htdocs/sql/backup (4).sql|hash:cf9e0afd51a9d00dd75c6f9494ed349f|size:18848}{path:C:/xampp/htdocs/sql/backup 1.sql|hash:65d73657d33de08b2b041e992809d54e|size:30006}{path:C:/xampp/htdocs/sql/backup 2.sql|hash:7fe178c9aa6ae238723e488668b0be10|size:16372}","C:/xampp/htdocs/sql","2019-02-24 15:31:36","B");
INSERT INTO `checkdata` VALUES("78","","C:/xampp/htdocs/sql","2019-02-24 15:32:28","R");
INSERT INTO `checkdata` VALUES("79","{path:C:/xampp/htdocs/sql/backup (3).sql|hash:d1b03768c7999308312481b562862088|size:17980}{path:C:/xampp/htdocs/sql/backup (4).sql|hash:cf9e0afd51a9d00dd75c6f9494ed349f|size:18848}{path:C:/xampp/htdocs/sql/backup 1.sql|hash:65d73657d33de08b2b041e992809d54e|size:30006}{path:C:/xampp/htdocs/sql/backup 2.sql|hash:7fe178c9aa6ae238723e488668b0be10|size:16372}","C:/xampp/htdocs/sql","2019-02-24 15:33:20","C");
INSERT INTO `checkdata` VALUES("80","{path:C:/xampp/htdocs/data/backup/DB_backupbackup-02242019_092116.sql|hash:60ee28377150057bcd451ebbdb09c328|size:56751}{path:C:/xampp/htdocs/data/sql/backup (3).sql|hash:d1b03768c7999308312481b562862088|size:17980}{path:C:/xampp/htdocs/data/sql/backup (4).sql|hash:cf9e0afd51a9d00dd75c6f9494ed349f|size:18848}{path:C:/xampp/htdocs/data/sql/backup 1.sql|hash:65d73657d33de08b2b041e992809d54e|size:30006}{path:C:/xampp/htdocs/data/sql/backup 2.sql|hash:7fe178c9aa6ae238723e488668b0be10|size:16372}{path:C:/xampp/htdocs/data/THSarabun/.DS_Store|hash:e2512200b92e22b6c831656d3b5315e9|size:6148}{path:C:/xampp/htdocs/data/THSarabun/THSarabunNew Bold.ttf|hash:bdd8eb542ab9aa84e5809edb230f07cc|size:366464}{path:C:/xampp/htdocs/data/THSarabun/THSarabunNew BoldItalic.ttf|hash:0b381613886ea1af245b0a8120019ecb|size:118364}{path:C:/xampp/htdocs/data/THSarabun/THSarabunNew Italic.ttf|hash:05a052030bb61432929f643579b82ce1|size:116800}{path:C:/xampp/htdocs/data/THSarabunNew/.DS_Store|hash:e2512200b92e22b6c831656d3b5315e9|size:6148}{path:C:/xampp/htdocs/data/THSarabunNew/THSarabunNew Bold.ttf|hash:bdd8eb542ab9aa84e5809edb230f07cc|size:366464}{path:C:/xampp/htdocs/data/THSarabunNew/THSarabunNew BoldItalic.ttf|hash:0b381613886ea1af245b0a8120019ecb|size:118364}{path:C:/xampp/htdocs/data/THSarabunNew/THSarabunNew Italic.ttf|hash:05a052030bb61432929f643579b82ce1|size:116800}","C:/xampp/htdocs/data","2019-02-25 00:08:32","C");
INSERT INTO `checkdata` VALUES("81","{path:C:/xampp/htdocs/sql/backup (3).sql|hash:d1b03768c7999308312481b562862088|size:17980}{path:C:/xampp/htdocs/sql/backup (4).sql|hash:cf9e0afd51a9d00dd75c6f9494ed349f|size:18848}{path:C:/xampp/htdocs/sql/backup 1.sql|hash:65d73657d33de08b2b041e992809d54e|size:30006}{path:C:/xampp/htdocs/sql/backup 2.sql|hash:7fe178c9aa6ae238723e488668b0be10|size:16372}","C:/xampp/htdocs/sql","2019-02-25 00:16:59","B");
INSERT INTO `checkdata` VALUES("82","{path:C:/xampp/htdocs/sql/backup (3).sql|hash:d1b03768c7999308312481b562862088|size:17980}{path:C:/xampp/htdocs/sql/backup (4).sql|hash:cf9e0afd51a9d00dd75c6f9494ed349f|size:18848}{path:C:/xampp/htdocs/sql/backup 1.sql|hash:65d73657d33de08b2b041e992809d54e|size:30006}{path:C:/xampp/htdocs/sql/backup 2.sql|hash:7fe178c9aa6ae238723e488668b0be10|size:16372}","C:/xampp/htdocs/sql","2019-02-25 00:19:28","B");
INSERT INTO `checkdata` VALUES("83","{path:C:/xampp/htdocs/sql/backup (3).sql|hash:d1b03768c7999308312481b562862088|size:17980}{path:C:/xampp/htdocs/sql/backup (4).sql|hash:cf9e0afd51a9d00dd75c6f9494ed349f|size:18848}{path:C:/xampp/htdocs/sql/backup 1.sql|hash:65d73657d33de08b2b041e992809d54e|size:30006}{path:C:/xampp/htdocs/sql/backup 2.sql|hash:7fe178c9aa6ae238723e488668b0be10|size:16372}","C:/xampp/htdocs/sql","2019-02-25 00:22:43","B");
INSERT INTO `checkdata` VALUES("84","{path:C:/xampp/htdocs/sql/backup (3).sql|hash:d1b03768c7999308312481b562862088|size:17980}{path:C:/xampp/htdocs/sql/backup (4).sql|hash:cf9e0afd51a9d00dd75c6f9494ed349f|size:18848}{path:C:/xampp/htdocs/sql/backup 1.sql|hash:65d73657d33de08b2b041e992809d54e|size:30006}{path:C:/xampp/htdocs/sql/backup 2.sql|hash:7fe178c9aa6ae238723e488668b0be10|size:16372}","C:/xampp/htdocs/sql","2019-02-25 00:23:57","C");
INSERT INTO `checkdata` VALUES("85","{path:C:/xampp/htdocs/sql/backup (3).sql|hash:d1b03768c7999308312481b562862088|size:17980}{path:C:/xampp/htdocs/sql/backup (4).sql|hash:cf9e0afd51a9d00dd75c6f9494ed349f|size:18848}{path:C:/xampp/htdocs/sql/backup 1.sql|hash:65d73657d33de08b2b041e992809d54e|size:30006}{path:C:/xampp/htdocs/sql/backup 2.sql|hash:7fe178c9aa6ae238723e488668b0be10|size:16372}","C:/xampp/htdocs/sql","2019-02-25 00:24:46","B");
INSERT INTO `checkdata` VALUES("86","{path:C:/xampp/htdocs/sql/backup (3).sql|hash:d1b03768c7999308312481b562862088|size:17980}{path:C:/xampp/htdocs/sql/backup (4).sql|hash:cf9e0afd51a9d00dd75c6f9494ed349f|size:18848}{path:C:/xampp/htdocs/sql/backup 1.sql|hash:65d73657d33de08b2b041e992809d54e|size:30006}{path:C:/xampp/htdocs/sql/backup 2.sql|hash:7fe178c9aa6ae238723e488668b0be10|size:16372}","C:/xampp/htdocs/sql","2019-02-25 00:31:41","B");
INSERT INTO `checkdata` VALUES("87","{path:C:/xampp/htdocs/sql/backup (3).sql|hash:d1b03768c7999308312481b562862088|size:17980}{path:C:/xampp/htdocs/sql/backup (4).sql|hash:cf9e0afd51a9d00dd75c6f9494ed349f|size:18848}{path:C:/xampp/htdocs/sql/backup 1.sql|hash:65d73657d33de08b2b041e992809d54e|size:30006}{path:C:/xampp/htdocs/sql/backup 2.sql|hash:7fe178c9aa6ae238723e488668b0be10|size:16372}","C:/xampp/htdocs/sql","2019-02-25 00:32:10","R");
INSERT INTO `checkdata` VALUES("88","{path:C:/xampp/htdocs/sql/backup (3).sql|hash:d1b03768c7999308312481b562862088|size:17980}{path:C:/xampp/htdocs/sql/backup (4).sql|hash:cf9e0afd51a9d00dd75c6f9494ed349f|size:18848}{path:C:/xampp/htdocs/sql/backup 1.sql|hash:65d73657d33de08b2b041e992809d54e|size:30006}{path:C:/xampp/htdocs/sql/backup 2.sql|hash:7fe178c9aa6ae238723e488668b0be10|size:16372}","C:/xampp/htdocs/sql","2019-02-25 00:37:53","C");
INSERT INTO `checkdata` VALUES("89","{path:C:/xampp/htdocs/sql/backup (3).sql|hash:d1b03768c7999308312481b562862088|size:17980}{path:C:/xampp/htdocs/sql/backup (4).sql|hash:cf9e0afd51a9d00dd75c6f9494ed349f|size:18848}{path:C:/xampp/htdocs/sql/backup 1.sql|hash:65d73657d33de08b2b041e992809d54e|size:30006}{path:C:/xampp/htdocs/sql/backup 2.sql|hash:7fe178c9aa6ae238723e488668b0be10|size:16372}","C:/xampp/htdocs/sql","2019-02-25 00:38:46","B");
INSERT INTO `checkdata` VALUES("90","{path:C:/xampp/htdocs/data/sql/backup (3).sql|hash:d1b03768c7999308312481b562862088|size:17980}{path:C:/xampp/htdocs/data/sql/backup (4).sql|hash:cf9e0afd51a9d00dd75c6f9494ed349f|size:18848}{path:C:/xampp/htdocs/data/sql/backup 1.sql|hash:65d73657d33de08b2b041e992809d54e|size:30006}{path:C:/xampp/htdocs/data/sql/backup 2.sql|hash:7fe178c9aa6ae238723e488668b0be10|size:16372}","C:/xampp/htdocs/data/sql","2019-02-25 00:39:58","B");
INSERT INTO `checkdata` VALUES("91","{path:C:/xampp/htdocs/sql/backup (3).sql|hash:d1b03768c7999308312481b562862088|size:17980}{path:C:/xampp/htdocs/sql/backup (4).sql|hash:cf9e0afd51a9d00dd75c6f9494ed349f|size:18848}{path:C:/xampp/htdocs/sql/backup 1.sql|hash:65d73657d33de08b2b041e992809d54e|size:30006}{path:C:/xampp/htdocs/sql/backup 2.sql|hash:7fe178c9aa6ae238723e488668b0be10|size:16372}","C:/xampp/htdocs/sql","2019-02-25 00:41:10","B");
INSERT INTO `checkdata` VALUES("92","{path:C:/xampp/htdocs/sql/backup (3).sql|hash:d1b03768c7999308312481b562862088|size:17980}{path:C:/xampp/htdocs/sql/backup (4).sql|hash:cf9e0afd51a9d00dd75c6f9494ed349f|size:18848}{path:C:/xampp/htdocs/sql/backup 1.sql|hash:65d73657d33de08b2b041e992809d54e|size:30006}{path:C:/xampp/htdocs/sql/backup 2.sql|hash:7fe178c9aa6ae238723e488668b0be10|size:16372}","C:/xampp/htdocs/sql","2019-02-25 00:43:24","B");



DROP TABLE IF EXISTS `filebackup`;

CREATE TABLE `filebackup` (
  `id_filebackup` int(12) NOT NULL AUTO_INCREMENT,
  `id_setting` int(12) NOT NULL,
  `file_name` text NOT NULL,
  PRIMARY KEY (`id_filebackup`)
) ENGINE=InnoDB AUTO_INCREMENT=16 DEFAULT CHARSET=utf8;

INSERT INTO `filebackup` VALUES("2","20","20-20-20");
INSERT INTO `filebackup` VALUES("3","20","2019-01-30-23-58-06.zip");
INSERT INTO `filebackup` VALUES("4","20","2019-01-31-00-01-51.zip");
INSERT INTO `filebackup` VALUES("5","45","2019-02-24-12-14-23.zip");
INSERT INTO `filebackup` VALUES("6","46","2019-02-24-15-31-33.zip");
INSERT INTO `filebackup` VALUES("7","46","2019-02-25-00-16-57.zip");
INSERT INTO `filebackup` VALUES("8","46","2019-02-25-00-19-27.zip");
INSERT INTO `filebackup` VALUES("9","46","2019-02-25-00-22-42.zip");
INSERT INTO `filebackup` VALUES("10","46","2019-02-25-00-24-45.zip");
INSERT INTO `filebackup` VALUES("11","46","2019-02-25-00-31-40.zip");
INSERT INTO `filebackup` VALUES("12","46","2019-02-25-00-38-45.zip");
INSERT INTO `filebackup` VALUES("13","45","2019-02-25-00-39-58.zip");
INSERT INTO `filebackup` VALUES("14","46","2019-02-25-00-41-09.zip");
INSERT INTO `filebackup` VALUES("15","46","2019-02-25-00-43-24.zip");



DROP TABLE IF EXISTS `ftp`;

CREATE TABLE `ftp` (
  `id_ftp` int(11) NOT NULL AUTO_INCREMENT,
  `ftp_server` varchar(20) NOT NULL,
  `ftp_username` varchar(20) NOT NULL,
  `ftp_password` varchar(20) NOT NULL,
  PRIMARY KEY (`id_ftp`)
) ENGINE=InnoDB AUTO_INCREMENT=40 DEFAULT CHARSET=utf8;

INSERT INTO `ftp` VALUES("30","127.0.0.1","456","");
INSERT INTO `ftp` VALUES("32","127.0.0.1","backup","");
INSERT INTO `ftp` VALUES("33","127.0.0.1","backup","");
INSERT INTO `ftp` VALUES("34","127.0.0.1","backup","");
INSERT INTO `ftp` VALUES("35","127.0.0.1","backup","");
INSERT INTO `ftp` VALUES("38","127.0.0.1","","");
INSERT INTO `ftp` VALUES("39","serverFtp","ftp","pass");



DROP TABLE IF EXISTS `person`;

CREATE TABLE `person` (
  `id_person` int(11) NOT NULL AUTO_INCREMENT,
  `username` varchar(12) NOT NULL,
  `_password` varchar(100) NOT NULL,
  PRIMARY KEY (`id_person`)
) ENGINE=InnoDB AUTO_INCREMENT=2 DEFAULT CHARSET=utf8;

INSERT INTO `person` VALUES("1","test","81dc9bdb52d04dc20036dbd8313ed055");



DROP TABLE IF EXISTS `setting`;

CREATE TABLE `setting` (
  `id_setting` int(15) NOT NULL AUTO_INCREMENT,
  `name` text NOT NULL,
  `dir_src` varchar(200) NOT NULL,
  `ftp_user` varchar(200) NOT NULL,
  `day` text NOT NULL,
  `week` text NOT NULL,
  `month` text NOT NULL,
  `database_user` varchar(100) NOT NULL,
  `database_pass` varchar(12) NOT NULL,
  `database_name` varchar(100) NOT NULL,
  `database_host` varchar(100) NOT NULL,
  `token_line` varchar(50) NOT NULL,
  PRIMARY KEY (`id_setting`)
) ENGINE=InnoDB AUTO_INCREMENT=53 DEFAULT CHARSET=utf8;

INSERT INTO `setting` VALUES("20","NULL","C:\\xampp\\htdocs\\data","ftp","N","N","","root","","backup","localhost","D1Uyqtjz5ejEYtHzGNXFhfQmLTNQFEHk1a2DSzhsjf4");
INSERT INTO `setting` VALUES("44","NULL","C:\\xampp\\htdocs\\backup","backup","N","N","","root","","backup","localhost","D1Uyqtjz5ejEYtHzGNXFhfQmLTNQFEHk1a2DSzhsjf4");
INSERT INTO `setting` VALUES("45","NULL","C:\\xampp\\htdocs\\data\\sql","backup","N","N","","root","","backup","localhost","D1Uyqtjz5ejEYtHzGNXFhfQmLTNQFEHk1a2DSzhsjf4");
INSERT INTO `setting` VALUES("46","NULL","C:\\xampp\\htdocs\\sql","backup","N","N","N","root","","backup","localhost","D1Uyqtjz5ejEYtHzGNXFhfQmLTNQFEHk1a2DSzhsjf4");
INSERT INTO `setting` VALUES("47","NULL","8.8.8.8","","N","N","","","","","","");
INSERT INTO `setting` VALUES("48","NULL","edit","","N","N","","root","12","backup","localhost","3489898");
INSERT INTO `setting` VALUES("49","NULL","1.2.3.4","ftpInsert","N","N","N","","","","","");
INSERT INTO `setting` VALUES("50","NULL","tt//t//t//t","","N","N","N","root","","","","");
INSERT INTO `setting` VALUES("51","NULL","test","","15","N","","","","","","");
INSERT INTO `setting` VALUES("52","NULL","","","4","0,3","15","","","","","");
